source_ref,name,town,verdict,company_number,company_name
30178,Archer Flooring Ltd,Nottingham,EXACT,06533806,ARCHER FLOORING LIMITED
29709,Banks Flooring Solutions ltd,Leyland,EXACT,10595196,BANKS FLOORING SOLUTIONS LIMITED
29862,Bradbeers,Southampton,NO_MATCH,,
30257,Burts of Darlington,Darlington,NO_MATCH,,
29471,Carpet Cuts,Swadlincote,EXACT,00889328,CARPET CUTS LIMITED
29743,Carpet GIANT Maidstone,Maidstone,STRONG,05748534,CARPET GIANT LTD
30244,Carpet Next Day Maidstone,Maidstone,NO_MATCH,,
29763,Clarkes Floors And Furniture,Hornchurch,STRONG,11172834,FLOORS &amp; FURNITURE LTD
29740,Crawley Carpet Warehouse,Crawley,EXACT,07837026,CRAWLEY CARPET WAREHOUSE LTD
29891,Elvet Flooring Solutions,County Durham,EXACT,15743915,ELVET FLOORING SOLUTIONS LIMITED
30465,Flooring Worx,Darlington,EXACT,10724759,FLOORING WORX LIMITED
29866,Floorscope,Corbridge,EXACT,11368405,FLOORSCOPE LIMITED
29429,Hopkins Flooring,Attleborough,EXACT,12461914,HOPKINS FLOORING LTD
29937,Islandwide Carpets,Isle of Wight,EXACT,04159984,ISLANDWIDE CARPETS LIMITED
29690,Lewis Carpets,Canterbury,EXACT,13724167,LEWIS CARPETS LTD
29921,Northumbria Flooring,North Shields,EXACT,09458678,NORTHUMBRIA FLOORING LIMITED
29715,Optimum Flooring Solutions,North Shields,EXACT,12229255,OPTIMUM FLOORING SOLUTIONS LIMITED
29915,Regency Flooring,Canterbury,EXACT,02651034,REGENCY FLOORING LIMITED
29864,Simon Davis Flooring,Bristol,EXACT,10560890,SIMON DAVIS FLOORING LTD
30176,T&B CARPETS,Manningtree,STRONG,16921701,T&amp;B LTD
30190,Thomas Hearn Furnishings,Kenilworth,STRONG,00307524,THOMAS HEARN LIMITED
30265,Trade Carpet London,Wimbledon,EXACT,07542216,TRADE CARPET LONDON LIMITED
29840,Walker Flooring,Knutsford,EXACT,05416291,WALKER FLOORING LIMITED
29905,Wilkinsons Flooring,Middlesbrough,NO_MATCH,,
29753,Dallas Carpets Scotland Ltd,Greenock,EXACT,SC239903,DALLAS CARPETS SCOTLAND LTD.
29850,Forth Furnishing,City of Edinburgh,STRONG,SC050544,FORTH FURNISHINGS LIMITED
30264,Arbons Carpet & Flooring,Norwich,NO_MATCH,,
29742,Carpet GIANT Croydon,Croydon,STRONG,05748534,CARPET GIANT LTD
30080,AMA Flooring,Cheltenham,NO_MATCH,,
29904,Ashford Trade Flooring,Ashford,EXACT,08945894,ASHFORD TRADE FLOORING LIMITED
30174,Ashley Cooke's Carpet & Flooring,Malton,NO_MATCH,,
30175,Ashley Cooke's Carpets & Flooring Scarborough Ltd,Scarborough,STRONG,15429279,ASHLEY COOKE&#39;S CARPETS AND FLOORING SCARBOROUGH LIMITED
29731,Avana flooring,Wroughton,EXACT,12881950,AVANA FLOORING LTD
29730,Avonvale carpets,Bath,EXACT,08010957,AVONVALE CARPETS LIMITED
29888,Bainton Flooring,Bournemouth,EXACT,05901166,BAINTON FLOORING LIMITED
29865,Bartram Flooring Services,Sunderland,EXACT,04456707,BARTRAM FLOORING SERVICES LTD
29734,Beccles Carpet Centre,Beccles,STRONG,13966357,BECCLES CARPET CENTRE HOLDINGS LIMITED
29463,Bespoke Flooring,Saint Helens,STRONG,NI681923,BESPOKE FLOORING AND INTERIORS LTD
29747,Bespoke flooring Of Oxted,Oxted,NO_MATCH,,
29711,Blackberry Hill Carpets & Flooring,Market Harborough,NO_MATCH,,
29686,Bo-Hus,Worthing,NO_MATCH,,
29696,Bredon Hill Flooring,Tewkesbury,EXACT,11345644,BREDON HILL FLOORING LIMITED
29667,Browns Carpets and Flooring,Yarm,NO_MATCH,,
30193,Burgess Flooring and Blinds,Worthing,EXACT,08436453,BURGESS FLOORING &amp; BLINDS LIMITED
30180,Burnley Carpets & Interiors,Burnley,EXACT,07165227,BURNLEY CARPETS &amp; INTERIORS LTD
30184,Burts Carpets of Darlington,Darlington,NO_MATCH,,
29762,C&M Flooring,Guisborough,EXACT,02547263,C. &amp; M. (FLOORING) LIMITED
29760,Calder Valley Flooring,Halifax,EXACT,08810776,CALDER VALLEY FLOORING LIMITED
29701,Carpet and Furniture Supplies,Preston,NO_MATCH,,
29919,Carpet and Vinyl Warehouse,Skegness,EXACT,14873837,CARPET AND VINYL WAREHOUSE LIMITED
29688,Carpet Connection,Sudbury,EXACT,04318784,CARPET CONNECTION LIMITED
29849,Carpet Creations,Poynton,EXACT,13656728,CARPET CREATIONS LIMITED
29878,Carpet Cuts Loughborough,Loughborough,STRONG,00889328,CARPET CUTS LIMITED
29744,Carpet GIANT Charton,Charlton,STRONG,05748534,CARPET GIANT LTD
29741,Carpet GIANT Orpingdon,Orpington,STRONG,05748534,CARPET GIANT LTD
29892,Carpet Options,Witney,EXACT,01833206,CARPET OPTIONS LIMITED
29674,Carpets 2 You,Bishop Auckland,STRONG,11464628,STRAIGHT 2 YOU CARPETS LIMITED
30085,Carpets Direct Bristol,City of Bristol,EXACT,07134215,CARPETS DIRECT (BRISTOL) LIMITED
29745,Castle Carpets - Malton,Malton,STRONG,01444030,CASTLE CARPETS LIMITED
29842,Chadwick Carpets Ltd,Liverpool,EXACT,14038414,CHADWICK CARPETS LTD
30252,Cheam Flooring,Cheam,NO_MATCH,,
30088,CM Flooring,Consett,EXACT,08075126,CM FLOORING LIMITED
29858,Coldbath Flooring,Harrogate,EXACT,12134502,COLDBATH FLOORING LTD
29738,Contract Flooring Holdings Ltd,Camborne,EXACT,09425485,CONTRACT FLOORING HOLDINGS LIMITED
29907,Corraff Carpets,Greater London,NO_MATCH,,
30186,County Carpets,Salisbury,EXACT,10759150,COUNTY CARPETS LIMITED
29722,County Flooring & Supplies,Nottingham,EXACT,09536967,COUNTY FLOORING &amp; SUPPLIES LTD
29886,Custom Flooring Ltd,Sunderland,EXACT,13694143,CUSTOM FLOORING LTD
30087,Cut Price Carpets & Flooring,Middlesbrough,EXACT,14265843,CUT PRICE CARPETS AND FLOORING LTD
29890,DGN Interiors,Wolverhampton,EXACT,14101347,DGN INTERIORS LTD
29669,Drapers Carpets,Whitby,EXACT,10347514,DRAPERS CARPETS LTD
29914,Eclipse Flooring,Moreton,EXACT,03751890,ECLIPSE FLOORING LIMITED
29859,Elite Installations,Harrogate,EXACT,06826214,ELITE INSTALLATIONS LTD
30182,Endurance Carpets,Orpington,ERROR,,HTTP Error 502: Bad Gateway
29663,Floor Depot,Chesterfield,STRONG,NI034906,FLOOR DEPOT NI LIMITED
30247,Floor Designs,Grantham,STRONG,07237671,ABBOTTS FLOOR &amp; WALL DESIGNS LIMITED
30259,Flooring Developments,Darlington,EXACT,07873706,FLOORING DEVELOPMENTS LIMITED
30185,Flooring Developments LTD,Darlington,EXACT,07873706,FLOORING DEVELOPMENTS LIMITED
29903,Flooring Matters SW,Newton Abbott,EXACT,10096803,FLOORING MATTERS SW LTD
29902,Flooring Storage UK,Potters Bar,EXACT,09790502,FLOORING STORAGE UK LIMITED
30084,Floortek Supplies,Bicester,EXACT,15936007,FLOORTEK SUPPLIES LTD
29692,Fresh Flooring,Stafford,EXACT,08013474,FRESH FLOORING LTD
29704,Gloucester Carpet Outlet,Gloucester,EXACT,08360876,GLOUCESTER CARPET OUTLET LTD
29897,Guest Carpets,City and Borough of Birmingham,NO_MATCH,,
29480,Harper & Pye Ltd,Blackpool,EXACT,01787266,HARPER AND PYE LIMITED
29658,Home Carpets by Neil Mcbrearty,Carlisle,EXACT,08281833,HOME CARPETS BY NEIL MCBREARTY LIMITED
29678,Hudspeth Floooring,Leyburn,NO_MATCH,,
29668,Hudspeth Flooring,Brompton on Swale,NO_MATCH,,
30246,Image Flooring Benfleet,South Benfleet,STRONG,06523816,IMAGE FLOORING LIMITED
30245,Image Flooring Chelmsford,Chelmsford,STRONG,12286485,CHELMSFORD FLOORING LIMITED
29713,Inspired Flooring Earby,Barnoldswick,EXACT,11151978,INSPIRED FLOORING EARBY LTD
29685,Iroka Interiors,Hayle,NO_MATCH,,
29729,JA flooring,Northampton,EXACT,08103116,JA FLOORING LIMITED
29681,Jeff Wynn,Redcar,NO_MATCH,,
29881,Jim Youngman Carpets,Whitehaven,NO_MATCH,,
29889,JL Flooring,Portsmouth,EXACT,12145390,JL FLOORING LTD
29736,JSR Flooring,Gt Clacton,EXACT,10445569,JSR FLOORING LIMITED
29854,Kinghall Flooring,Nottinghamshire,NO_MATCH,,
29700,Knights flooring,Poole,EXACT,14908517,KNIGHTS FLOORING LTD
29900,LT Carpets & Flooring,Copford,NO_MATCH,,
29761,Lutterworth Flooring,Lutterworth,NO_MATCH,,
30466,Market Carpets,Exeter,EXACT,05004391,MARKET CARPETS LTD
29750,Mascalls Carpets & Flooring Specialists,Whitfield,NO_MATCH,,
29676,MS Flooring,Whitehaven,EXACT,15766171,MS FLOORING LTD
29882,Multisave Carpets,City of Bristol,EXACT,04484547,MULTISAVE CARPETS LIMITED
29920,OTB Interiors,Exeter,EXACT,13179333,OTB INTERIORS LIMITED
30187,Parkside Discount Carpets,Grimsby,EXACT,04438186,PARKSIDE DISCOUNT CARPETS LIMITED
30263,Phil Irwin Carpets,Teddington,STRONG,12148089,PHIL IRWIN CARPETS AND FLOORING LTD
30177,Posh Carpets & Flooring,Salford,NO_MATCH,,
30189,RMD Flooring,Tamworth,EXACT,12103943,RMD FLOORING LTD
29748,Rodgers Carpets Ltd,Frodsham,EXACT,04268952,RODGERS CARPETS LIMITED
29703,ROMNEY FLOORING,KENT,EXACT,11266675,ROMNEY FLOORING LTD
29662,Roseways,Harrogate,NO_MATCH,,
29739,Sawston Carpets & Flooring,Cambridge,NO_MATCH,,
29887,Select Carpet-Blinds & Floors,Stockton on Tees,STRONG,05214928,SELECT FLOORS LIMITED
29860,Selectline Kitchens and Flooring,Swindon,NO_MATCH,,
29718,Solihull Carpets,Solihull,EXACT,09588597,SOLIHULL CARPETS LIMITED
30262,Spacers Tile & Wood Flooring Limited,Maidenhead,EXACT,01575573,SPACERS TILE AND WOOD FLOORING LIMITED
29916,St Helens Flooring,St Helens,STRONG,15610133,ST. HELENS FLOORING SPECIALIST LIMITED
29906,Steve's Carpets,Hartlepool,STRONG,07900134,STEVE&#39;S CARPETS LTD.
30191,Stroud Carpets & Interiors,Gloucestershire,STRONG,06534537,STROUD CARPETS LIMITED
30083,Supreme Carpets,Dersingham,EXACT,01649990,SUPREME CARPETS LIMITED
29694,Sylk Flooring,Bollington,EXACT,11576898,SYLK FLOORING LTD
29675,The Arches Carpet Centre,Penrith,NO_MATCH,,
29735,The Floor Studio,Cheshire East,EXACT,12948926,THE FLOOR STUDIO LTD
29716,The Flooring and Carpet shop,Dorchester,STRONG,07266559,CARPET TILES 4 U T/AS THE CARPET AND FLOORING SHOP LTD
30260,The Southport Carpet Centre,Southport,EXACT,01865128,THE SOUTHPORT CARPET CENTRE LIMITED
30256,Thompsons Floooring,Whitfield,NO_MATCH,,
29724,Trinity Carpets,Cannock,EXACT,01797517,TRINITY CARPETS LIMITED
29725,Trinity Carpets,Tipton,EXACT,01797517,TRINITY CARPETS LIMITED
29683,Trinity Flooring,KENT,EXACT,17032608,TRINITY FLOORING LIMITED
30258,Upper Street Carpets,Islington,NO_MATCH,,
30181,VICTORIA FLOORING LTD,Margate,EXACT,02895509,VICTORIA FLOORING LIMITED
30192,Village Flooring,Bradford,EXACT,16246209,VILLAGE FLOORING LIMITED
29728,Walker on Flooring,Eastbourne,NO_MATCH,,
29714,Wansbeck Carpet and Floor,Pegswood,EXACT,10912667,WANSBECK CARPET &amp; FLOOR LTD
29845,Welch Mill Carpets,Borough of Wigan,NO_MATCH,,
29726,Whitburn Coastal Flooring,Whitburn,STRONG,06975698,COASTAL FLOORING LIMITED
29867,Whitley Bay Carpets and Beds,Whitley Bay,NO_MATCH,,
29712,Winnens 1929 ltd,Cheltenham,EXACT,09969881,WINNENS 1929 LTD.
29893,Wycombe Carpet Centre,Buckinghamshire,EXACT,04093736,WYCOMBE CARPET CENTRE LIMITED
30081,Magic Carpets,Isle Of Man,EXACT,07776317,MAGIC CARPETS LIMITED
29665,Allans Furniture Warehouse,Glasgow,STRONG,14524271,ALLANS FURNITURE LTD
29756,Carpet and flooring Services,Oban,STRONG,15306049,CARPET AND WOOD FLOORING SERVICES LTD
29751,Crawford Flooring EK,Hamilton,EXACT,SC741568,CRAWFORD FLOORING EK LIMITED
29844,Donnys Carpets Scotland Ltd,Falkirk,EXACT,SC588670,DONNYS CARPETS (SCOTLAND) LTD
29857,EBR Flooring,Kilmarnock,NO_MATCH,,
29660,Edinburgh Carpet Warehouse Limited,Edinburgh,EXACT,SC203883,EDINBURGH CARPET WAREHOUSE LIMITED
30469,Falkirk Carpets,Falkirk,EXACT,SC738254,FALKIRK CARPETS LTD
29752,Flairplan,Airdrie,EXACT,SC614409,FLAIRPLAN LIMITED
29872,Forever Flooring,Broxburn,EXACT,15528493,FOREVER FLOORING LTD
29839,G Flooring Solutions,Glasgow,EXACT,SC610488,G FLOORING SOLUTIONS LTD
29901,G N L Carpet and Flooring,Uddingston,NO_MATCH,,
29664,Inspired Floors,Motherwell,EXACT,14430750,INSPIRED FLOORS LTD
29431,Inverness Flooring & Furniture,Inverness,EXACT,SC834193,INVERNESS FLOORING &amp; FURNITURE LTD
29759,JM Flooring Scotland,Glasgow,STRONG,11940669,JM FLOORING LTD
29855,Kinnears for Carpets Ltd,Newton Stewart,NO_MATCH,,
29848,M West Flooring,Isle of Arran,EXACT,SC518513,M WEST FLOORING LTD
29755,North Floors,Nairn,STRONG,08113735,CUSTOM FLOORS (NORTH WEST) LIMITED
29879,Northern Carpets and Beds,Kilmarnock,EXACT,SC502368,NORTHERN CARPETS AND BEDS LTD
29898,Saltire Carpets and Beds,Kirkintilloch,EXACT,SC184604,SALTIRE CARPETS &amp; BEDS LIMITED
29884,Sams Carpet and Flooring Ltd,East Kilbride,NO_MATCH,,
29843,Stainton Flooring,Stirling,EXACT,SC794784,STAINTON FLOORING LTD
29841,Uddo Flooring Ltd,Edinburgh,EXACT,SC705355,UDDO FLOORING LIMITED
29873,Unique Flooring Fife,Fife,EXACT,SC402592,UNIQUE FLOORING FIFE LIMITED
29917,White Stag Flooring,Ballater,STRONG,16823306,STAG FLOORING LTD
29868,Whittons Flooring Arbroath,Arbroath,STRONG,SC302482,WHITTONS (FLOORING) LIMITED
29720,Carpetfit Wales,Aberdare,NO_MATCH,,
29899,Castle Carpets Wrexham,Wrexham,STRONG,01444030,CASTLE CARPETS LIMITED
29693,Floor Store U.K,Swansea,STRONG,06318704,FLOOR STORE UK LTD
29885,Floors on Floors Penarth,Penarth,STRONG,07119803,FLOORS ON FLOORS LIMITED
30082,Hughes Flooring,Pontypridd,EXACT,10699530,HUGHES FLOORING LIMITED
29880,Our Own Designs,Cowbridge,STRONG,12840843,OUR OWN CO. LTD
30474,Signature Floors Pembroke,Pembroke Dock,EXACT,12853827,SIGNATURE FLOORS PEMBROKE LTD
