id,api_id,name,address_line1,address_line2,city,county,postcode,nation,country,full_address,latitude,longitude,website,store_url
29438,/api/store_locators/29438,A Wood Idea,4 Blaydon Trade Park,,Blaydon-on-Tyne,England,NE21 5TR,England,United Kingdom,"4 Blaydon Trade Park, Blaydon-on-Tyne, England, NE21 5TR, United Kingdom",54.9658904,-1.7128176,http://www.awoodidea.co.uk,https://home.tarkett.co.uk/en_GB/store-locator/united-kingdom/england/blaydon-on-tyne/29438-a-wood-idea?locale=en_GB
30080,/api/store_locators/30080,AMA Flooring,20 Kingsditch Lane,,Cheltenham,England,GL51 9PB,England,United Kingdom,"20 Kingsditch Lane, Cheltenham, England, GL51 9PB, United Kingdom",51.915482,-2.096710,,https://home.tarkett.co.uk/en_GB/store-locator/united-kingdom/england/cheltenham/30080-ama-flooring?locale=en_GB
30261,/api/store_locators/30261,Amtico Flooring Installations Limited,Station Parade,Balham High Rd,London,England,SW12 9AZ,England,United Kingdom,"Station Parade, Balham High Rd, London, England, SW12 9AZ, United Kingdom",51.444851,-0.151600,https://www.balhamflooring.com,https://home.tarkett.co.uk/en_GB/store-locator/united-kingdom/england/london/30261-amtico-flooring-installations-limited?locale=en_GB
30264,/api/store_locators/30264,Arbons Carpet & Flooring,Unit 1 Notcutts,Daniels Rd,Norwich,England,NR4 6QP,England,United Kingdom,"Unit 1 Notcutts, Daniels Rd, Norwich, England, NR4 6QP, United Kingdom",52.614311,1.277910,,https://home.tarkett.co.uk/en_GB/store-locator/united-kingdom/england/norwich/30264-arbons-carpet-flooring?locale=en_GB
30178,/api/store_locators/30178,Archer Flooring Ltd,76 Derby Rd,Stapleford,Nottingham,England,NG9 7AB,England,United Kingdom,"76 Derby Rd, Stapleford, Nottingham, England, NG9 7AB, United Kingdom",52.929489,-1.274530,,https://home.tarkett.co.uk/en_GB/store-locator/united-kingdom/england/nottingham/30178-archer-flooring-ltd?locale=en_GB
29904,/api/store_locators/29904,Ashford Trade Flooring,96 Ellingham Way Industrial Estate,,Ashford,England,TN23 6LZ,England,United Kingdom,"96 Ellingham Way Industrial Estate, Ashford, England, TN23 6LZ, United Kingdom",51.128100,0.862690,,https://home.tarkett.co.uk/en_GB/store-locator/united-kingdom/england/ashford/29904-ashford-trade-flooring?locale=en_GB
30174,/api/store_locators/30174,Ashley Cooke's Carpet & Flooring,27-29 Wheelgate,Malton,Malton,England,YO17 7HT,England,United Kingdom,"27-29 Wheelgate, Malton, Malton, England, YO17 7HT, United Kingdom",54.134998,-0.796830,,https://home.tarkett.co.uk/en_GB/store-locator/united-kingdom/england/malton/30174-ashley-cooke-s-carpet-flooring?locale=en_GB
30175,/api/store_locators/30175,Ashley Cooke's Carpets & Flooring Scarborough Ltd,1 Ramshill Rd,,Scarborough,England,YO11 2LN,England,United Kingdom,"1 Ramshill Rd, Scarborough, England, YO11 2LN, United Kingdom",54.274129,-0.403007,,https://home.tarkett.co.uk/en_GB/store-locator/united-kingdom/england/scarborough/30175-ashley-cooke-s-carpets-flooring-scarborough-ltd?locale=en_GB
29731,/api/store_locators/29731,Avana flooring,Unit 6; Wroughton Business Park,Swindon Rd,Wroughton,England,SN4 9BH,England,United Kingdom,"Unit 6; Wroughton Business Park, Swindon Rd, Wroughton, England, SN4 9BH, United Kingdom",51.5324697,-1.7841235,,https://home.tarkett.co.uk/en_GB/store-locator/united-kingdom/england/wroughton/29731-avana-flooring?locale=en_GB
29730,/api/store_locators/29730,Avonvale carpets,37 Kingsmead St,,Bath,Somerset,BA1 2AA,England,United Kingdom,"37 Kingsmead St, Bath, Somerset, BA1 2AA, United Kingdom",51.3815676,-2.3633925,,https://home.tarkett.co.uk/en_GB/store-locator/united-kingdom/somerset/bath/29730-avonvale-carpets?locale=en_GB
29888,/api/store_locators/29888,Bainton Flooring,92-94 CASTLE LANE WEST,,Bournemouth,England,BH9 3JU,England,United Kingdom,"92-94 CASTLE LANE WEST, Bournemouth, England, BH9 3JU, United Kingdom",50.751869,-1.850950,,https://home.tarkett.co.uk/en_GB/store-locator/united-kingdom/england/bournemouth/29888-bainton-flooring?locale=en_GB
29709,/api/store_locators/29709,Banks Flooring Solutions ltd,Unit 8a,Centurion Court,Leyland,England,PR25 3UQ,England,United Kingdom,"Unit 8a, Centurion Court, Leyland, England, PR25 3UQ, United Kingdom",53.697931,-2.695478,,https://home.tarkett.co.uk/en_GB/store-locator/united-kingdom/england/leyland/29709-banks-flooring-solutions-ltd?locale=en_GB
29865,/api/store_locators/29865,Bartram Flooring Services,Cambria St,South Hylton,Sunderland,England,SR4 0LT,England,United Kingdom,"Cambria St, South Hylton, Sunderland, England, SR4 0LT, United Kingdom",54.90415,-1.45068,,https://home.tarkett.co.uk/en_GB/store-locator/united-kingdom/england/sunderland/29865-bartram-flooring-services?locale=en_GB
29734,/api/store_locators/29734,Beccles Carpet Centre,Gosford Road,,Beccles,England,NR34 9QP,England,United Kingdom,"Gosford Road, Beccles, England, NR34 9QP, United Kingdom",52.4564809,1.5696386,,https://home.tarkett.co.uk/en_GB/store-locator/united-kingdom/england/beccles/29734-beccles-carpet-centre?locale=en_GB
29463,/api/store_locators/29463,Bespoke Flooring,Old Smithy,Rainford,Saint Helens,Lancashire,WA11 8HD,England,United Kingdom,"Old Smithy, Rainford, Saint Helens, Lancashire, WA11 8HD, United Kingdom",53.7247837,-2.6614353,,https://home.tarkett.co.uk/en_GB/store-locator/united-kingdom/lancashire/saint-helens/29463-bespoke-flooring?locale=en_GB
29747,/api/store_locators/29747,Bespoke flooring Of Oxted,101 -103 Station Road East;,,Oxted,Surrey,RH8 0AY,England,United Kingdom,"101 -103 Station Road East;, Oxted, Surrey, RH8 0AY, United Kingdom",51.2578799,-0.0037029,,https://home.tarkett.co.uk/en_GB/store-locator/united-kingdom/surrey/oxted/29747-bespoke-flooring-of-oxted?locale=en_GB
29711,/api/store_locators/29711,Blackberry Hill Carpets & Flooring,Unit 1,78 St Marys Road,Market Harborough,England,LE16 7DU,England,United Kingdom,"Unit 1, 78 St Marys Road, Market Harborough, England, LE16 7DU, United Kingdom",52.478630,-0.915760,,https://home.tarkett.co.uk/en_GB/store-locator/united-kingdom/england/market-harborough/29711-blackberry-hill-carpets-flooring?locale=en_GB
29686,/api/store_locators/29686,Bo-Hus,126 Aldsworth Ave,Goring-by-Sea,Worthing,Gloucestershire,BN12 4UU,England,United Kingdom,"126 Aldsworth Ave, Goring-by-Sea, Worthing, Gloucestershire, BN12 4UU, United Kingdom",50.8150906,-0.4310798,https://www.flooringproductsdirect.net/,https://home.tarkett.co.uk/en_GB/store-locator/united-kingdom/gloucestershire/worthing/29686-bo-hus?locale=en_GB
29862,/api/store_locators/29862,Bradbeers,Bradbeers Retail Park,"Tollbar Way, Hedge End",Southampton,England,SO30 2QY,England,United Kingdom,"Bradbeers Retail Park, Tollbar Way, Hedge End, Southampton, England, SO30 2QY, United Kingdom",50.9260538,-1.311426,https://www.bradbeersfurniture.com/flooring/,https://home.tarkett.co.uk/en_GB/store-locator/united-kingdom/england/southampton/29862-bradbeers?locale=en_GB
29696,/api/store_locators/29696,Bredon Hill Flooring,"Suite 5A, Canterbury Business Park",18 Ashchurch Road,Tewkesbury,England,GL20 8BT,England,United Kingdom,"Suite 5A, Canterbury Business Park, 18 Ashchurch Road, Tewkesbury, England, GL20 8BT, United Kingdom",51.995498,-2.141177,http://bredonhillflooring.co.uk,https://home.tarkett.co.uk/en_GB/store-locator/united-kingdom/england/tewkesbury/29696-bredon-hill-flooring?locale=en_GB
29667,/api/store_locators/29667,Browns Carpets and Flooring,87 High St,,Yarm,England,TS15 9BG,England,United Kingdom,"87 High St, Yarm, England, TS15 9BG, United Kingdom",54.5096573,-1.3551536,www.brownsalternativeflooring.co.uk,https://home.tarkett.co.uk/en_GB/store-locator/united-kingdom/england/yarm/29667-browns-carpets-and-flooring?locale=en_GB
30193,/api/store_locators/30193,Burgess Flooring and Blinds,2 Manor Parade,Salvington Road,Worthing,England,BN13 2JP,England,United Kingdom,"2 Manor Parade, Salvington Road, Worthing, England, BN13 2JP, United Kingdom",50.835369,-0.405200,https://www.burgessflooring.co.uk/,https://home.tarkett.co.uk/en_GB/store-locator/united-kingdom/england/worthing/30193-burgess-flooring-and-blinds?locale=en_GB
30180,/api/store_locators/30180,Burnley Carpets & Interiors,4 OLDHALL STREET,,Burnley,England,BB10 1DA,England,United Kingdom,"4 OLDHALL STREET, Burnley, England, BB10 1DA, United Kingdom",53.800349,-2.241327,,https://home.tarkett.co.uk/en_GB/store-locator/united-kingdom/england/burnley/30180-burnley-carpets-interiors?locale=en_GB
30184,/api/store_locators/30184,Burts Carpets of Darlington,"Oakwood House, 82 Eastmount Road",,Darlington,England,DL1 1LA,England,United Kingdom,"Oakwood House, 82 Eastmount Road, Darlington, England, DL1 1LA, United Kingdom",54.531319,-1.546630,,https://home.tarkett.co.uk/en_GB/store-locator/united-kingdom/england/darlington/30184-burts-carpets-of-darlington?locale=en_GB
30257,/api/store_locators/30257,Burts of Darlington,Oakwood House,Eastmount Road,Darlington,England,DL1 1LA,England,United Kingdom,"Oakwood House, Eastmount Road, Darlington, England, DL1 1LA, United Kingdom",54.531319,-1.546630,,https://home.tarkett.co.uk/en_GB/store-locator/united-kingdom/england/darlington/30257-burts-of-darlington?locale=en_GB
29762,/api/store_locators/29762,C&M Flooring,23 Chaloner Street,,Guisborough,England,TS14 6QD,England,United Kingdom,"23 Chaloner Street, Guisborough, England, TS14 6QD, United Kingdom",54.5346404,-1.0520328,cmflooring.co.uk,https://home.tarkett.co.uk/en_GB/store-locator/united-kingdom/england/guisborough/29762-c-m-flooring?locale=en_GB
29760,/api/store_locators/29760,Calder Valley Flooring,Unit 4; Commercial Mills,Oldham Rd; Ripponden,Halifax,West Yorkshire,HX6 4EH,England,United Kingdom,"Unit 4; Commercial Mills, Oldham Rd; Ripponden, Halifax, West Yorkshire, HX6 4EH, United Kingdom",53.723099,-1.86161,https://caldervalleyflooringandcarpets.co.uk/,https://home.tarkett.co.uk/en_GB/store-locator/united-kingdom/west-yorkshire/halifax/29760-calder-valley-flooring?locale=en_GB
29701,/api/store_locators/29701,Carpet and Furniture Supplies,144-146 Brownedge Road,Lockstock Hall,Preston,England,PR5 5AE,England,United Kingdom,"144-146 Brownedge Road, Lockstock Hall, Preston, England, PR5 5AE, United Kingdom",53.7272487,-2.6828657,https://carpetandfurniture.com,https://home.tarkett.co.uk/en_GB/store-locator/united-kingdom/england/preston/29701-carpet-and-furniture-supplies?locale=en_GB
29919,/api/store_locators/29919,Carpet and Vinyl Warehouse,154 Wainfleet Road,,Skegness,England,PE25 2EJ,England,United Kingdom,"154 Wainfleet Road, Skegness, England, PE25 2EJ, United Kingdom",53.143220,0.315980,,https://home.tarkett.co.uk/en_GB/store-locator/united-kingdom/england/skegness/29919-carpet-and-vinyl-warehouse?locale=en_GB
29688,/api/store_locators/29688,Carpet Connection,Great Eastern Rd,,Sudbury,England,CO10 2TJ,England,United Kingdom,"Great Eastern Rd, Sudbury, England, CO10 2TJ, United Kingdom",52.0374065,0.7329251,www.carpetconnection.co.uk,https://home.tarkett.co.uk/en_GB/store-locator/united-kingdom/england/sudbury/29688-carpet-connection?locale=en_GB
29849,/api/store_locators/29849,Carpet Creations,77-79 Park Lane,,Poynton,England,SK12 1RD,England,United Kingdom,"77-79 Park Lane, Poynton, England, SK12 1RD, United Kingdom",55.48413,-5.09448,,https://home.tarkett.co.uk/en_GB/store-locator/united-kingdom/england/poynton/29849-carpet-creations?locale=en_GB
29471,/api/store_locators/29471,Carpet Cuts,4 High Street,,Swadlincote,England,DE11 8HY,England,United Kingdom,"4 High Street, Swadlincote, England, DE11 8HY, United Kingdom",52.773251,-1.555070,https://www.carpetcutsleicestershire.co.uk/,https://home.tarkett.co.uk/en_GB/store-locator/united-kingdom/england/swadlincote/29471-carpet-cuts?locale=en_GB
29878,/api/store_locators/29878,Carpet Cuts Loughborough,41-43 Ashby Square,Loughborough,Loughborough,Leicestershire,LE11 5AA,England,United Kingdom,"41-43 Ashby Square, Loughborough, Loughborough, Leicestershire, LE11 5AA, United Kingdom",52.772251,-1.209020,https://www.carpetcutsleicestershire.co.uk/,https://home.tarkett.co.uk/en_GB/store-locator/united-kingdom/leicestershire/loughborough/29878-carpet-cuts-loughborough?locale=en_GB
29744,/api/store_locators/29744,Carpet GIANT Charton,Unit 2; Meridian Trade Centre,Bugsbys Way,Charlton,England,SE7 7SW,England,United Kingdom,"Unit 2; Meridian Trade Centre, Bugsbys Way, Charlton, England, SE7 7SW, United Kingdom",51.4900403,0.0307737,,https://home.tarkett.co.uk/en_GB/store-locator/united-kingdom/england/charlton/29744-carpet-giant-charton?locale=en_GB
29742,/api/store_locators/29742,Carpet GIANT Croydon,Unit 4; Thornton Road Trading Estate,Thornton Road,Croydon,England,CR0 3BT,England,United Kingdom,"Unit 4; Thornton Road Trading Estate, Thornton Road, Croydon, England, CR0 3BT, United Kingdom",51.3936468,-0.1148065,,https://home.tarkett.co.uk/en_GB/store-locator/united-kingdom/england/croydon/29742-carpet-giant-croydon?locale=en_GB
29743,/api/store_locators/29743,Carpet GIANT Maidstone,Unit 1; Haslemere Trading Estate,Sutton Road,Maidstone,England,ME15 9NL,England,United Kingdom,"Unit 1; Haslemere Trading Estate, Sutton Road, Maidstone, England, ME15 9NL, United Kingdom",51.270363,0.522699,,https://home.tarkett.co.uk/en_GB/store-locator/united-kingdom/england/maidstone/29743-carpet-giant-maidstone?locale=en_GB
29741,/api/store_locators/29741,Carpet GIANT Orpingdon,Unit 1a Oast House Way; Sevenoaks Road,,Orpington,England,BR5 3PT,England,United Kingdom,"Unit 1a Oast House Way; Sevenoaks Road, Orpington, England, BR5 3PT, United Kingdom",51.3935509,0.1102456,,https://home.tarkett.co.uk/en_GB/store-locator/united-kingdom/england/orpington/29741-carpet-giant-orpingdon?locale=en_GB
30244,/api/store_locators/30244,Carpet Next Day Maidstone,Millwood Court,Tovil Hill,Maidstone,England,ME15 6QS,England,United Kingdom,"Millwood Court, Tovil Hill, Maidstone, England, ME15 6QS, United Kingdom",51.263090,0.513217,,https://home.tarkett.co.uk/en_GB/store-locator/united-kingdom/england/maidstone/30244-carpet-next-day-maidstone?locale=en_GB
29892,/api/store_locators/29892,Carpet Options,Avenue four,Station Lane,Witney,England,OX28 4BN,England,United Kingdom,"Avenue four, Station Lane, Witney, England, OX28 4BN, United Kingdom",51.778831,-1.481660,,https://home.tarkett.co.uk/en_GB/store-locator/united-kingdom/england/witney/29892-carpet-options?locale=en_GB
29674,/api/store_locators/29674,Carpets 2 You,5 St Helen Way,St Helen Auckland,Bishop Auckland,England,DL14 9AX,England,United Kingdom,"5 St Helen Way, St Helen Auckland, Bishop Auckland, England, DL14 9AX, United Kingdom",54.6361569,-1.6991456,www.carpets2youltd.co.uk,https://home.tarkett.co.uk/en_GB/store-locator/united-kingdom/england/bishop-auckland/29674-carpets-2-you?locale=en_GB
30085,/api/store_locators/30085,Carpets Direct Bristol,2 Trinity Street,,City of Bristol,England,BS2 0NT,England,United Kingdom,"2 Trinity Street, City of Bristol, England, BS2 0NT, United Kingdom",51.456829,-2.575590,,https://home.tarkett.co.uk/en_GB/store-locator/united-kingdom/england/city-of-bristol/30085-carpets-direct-bristol?locale=en_GB
29745,/api/store_locators/29745,Castle Carpets - Malton,7 Yorkersgate,,Malton,England,YO17 7AA,England,United Kingdom,"7 Yorkersgate, Malton, England, YO17 7AA, United Kingdom",54.1345532,-0.7968655,,https://home.tarkett.co.uk/en_GB/store-locator/united-kingdom/england/malton/29745-castle-carpets-malton?locale=en_GB
29842,/api/store_locators/29842,Chadwick Carpets Ltd,109-113 St Johns Road,Waterloo,Liverpool,England,L22 9QD,England,United Kingdom,"109-113 St Johns Road, Waterloo, Liverpool, England, L22 9QD, United Kingdom",53.47854,-3.02666,,https://home.tarkett.co.uk/en_GB/store-locator/united-kingdom/england/liverpool/29842-chadwick-carpets-ltd?locale=en_GB
30252,/api/store_locators/30252,Cheam Flooring,538-540 London Road,Sutton,Cheam,England,SM3 9AA,England,United Kingdom,"538-540 London Road, Sutton, Cheam, England, SM3 9AA, United Kingdom",51.373508,-0.225250,https://cheamflooring.co.uk/,https://home.tarkett.co.uk/en_GB/store-locator/united-kingdom/england/cheam/30252-cheam-flooring?locale=en_GB
29763,/api/store_locators/29763,Clarkes Floors And Furniture,311 – 315 Hornchurch Road,Roneo Corner,Hornchurch,England,RM12 4TQ,England,United Kingdom,"311 – 315 Hornchurch Road, Roneo Corner, Hornchurch, England, RM12 4TQ, United Kingdom",51.565074,0.189299,www.clarkesfloorsandfurniture.co.uk,https://home.tarkett.co.uk/en_GB/store-locator/united-kingdom/england/hornchurch/29763-clarkes-floors-and-furniture?locale=en_GB
30088,/api/store_locators/30088,CM Flooring,Unit 9 Bessemer Court,"Hounsgill Industrial Park, Knitsley Lane",Consett,England,DH8 7BL,England,United Kingdom,"Unit 9 Bessemer Court, Hounsgill Industrial Park, Knitsley Lane, Consett, England, DH8 7BL, United Kingdom",54.831928,-1.836450,,https://home.tarkett.co.uk/en_GB/store-locator/united-kingdom/england/consett/30088-cm-flooring?locale=en_GB
29858,/api/store_locators/29858,Coldbath Flooring,135 Cold Bath Rd,,Harrogate,England,HG2 0NU,England,United Kingdom,"135 Cold Bath Rd, Harrogate, England, HG2 0NU, United Kingdom",53.98854,-1.54919,,https://home.tarkett.co.uk/en_GB/store-locator/united-kingdom/england/harrogate/29858-coldbath-flooring?locale=en_GB
29738,/api/store_locators/29738,Contract Flooring Holdings Ltd,The Chapel Offices,Chapel Road,Camborne,England,TR14 8QX,England,United Kingdom,"The Chapel Offices, Chapel Road, Camborne, England, TR14 8QX, United Kingdom",50.223397,-5.280939,,https://home.tarkett.co.uk/en_GB/store-locator/united-kingdom/england/camborne/29738-contract-flooring-holdings-ltd?locale=en_GB
29907,/api/store_locators/29907,Corraff Carpets,51 The Market Place,,Greater London,England,NW11 6JT,England,United Kingdom,"51 The Market Place, Greater London, England, NW11 6JT, United Kingdom",51.586472,-0.188470,,https://home.tarkett.co.uk/en_GB/store-locator/united-kingdom/england/greater-london/29907-corraff-carpets?locale=en_GB
30186,/api/store_locators/30186,County Carpets,Unit 9 The Bourne Centre,,Salisbury,England,SP1 2NY,England,United Kingdom,"Unit 9 The Bourne Centre, Salisbury, England, SP1 2NY, United Kingdom",51.061138,-1.775630,,https://home.tarkett.co.uk/en_GB/store-locator/united-kingdom/england/salisbury/30186-county-carpets?locale=en_GB
29722,/api/store_locators/29722,County Flooring & Supplies,Clarke Road,,Nottingham,England,NG2 3JJ,England,United Kingdom,"Clarke Road, Nottingham, England, NG2 3JJ, United Kingdom",52.9447891,-1.1350562,,https://home.tarkett.co.uk/en_GB/store-locator/united-kingdom/england/nottingham/29722-county-flooring-supplies?locale=en_GB
29740,/api/store_locators/29740,Crawley Carpet Warehouse,Unit 7 Little Park Centre; Charlwood Road,,Crawley,England,RH11 0JZ,England,United Kingdom,"Unit 7 Little Park Centre; Charlwood Road, Crawley, England, RH11 0JZ, United Kingdom",51.1418208,-0.2275122,,https://home.tarkett.co.uk/en_GB/store-locator/united-kingdom/england/crawley/29740-crawley-carpet-warehouse?locale=en_GB
29886,/api/store_locators/29886,Custom Flooring Ltd,Unit 9B Southwick Industrial Estate,,Sunderland,England,SR5 3TX,England,United Kingdom,"Unit 9B Southwick Industrial Estate, Sunderland, England, SR5 3TX, United Kingdom",54.921300,-1.414230,,https://home.tarkett.co.uk/en_GB/store-locator/united-kingdom/england/sunderland/29886-custom-flooring-ltd?locale=en_GB
30087,/api/store_locators/30087,Cut Price Carpets & Flooring,250 Normanby Road,South Bank,Middlesbrough,England,TS6 6TD,England,United Kingdom,"250 Normanby Road, South Bank, Middlesbrough, England, TS6 6TD, United Kingdom",54.569538,-1.167080,,https://home.tarkett.co.uk/en_GB/store-locator/united-kingdom/england/middlesbrough/30087-cut-price-carpets-flooring?locale=en_GB
29890,/api/store_locators/29890,DGN Interiors,25A Shaw Road,,Wolverhampton,England,WV2 3EL,England,United Kingdom,"25A Shaw Road, Wolverhampton, England, WV2 3EL, United Kingdom",52.568800,-2.127130,,https://home.tarkett.co.uk/en_GB/store-locator/united-kingdom/england/wolverhampton/29890-dgn-interiors?locale=en_GB
29669,/api/store_locators/29669,Drapers Carpets,Unit 3C/Larpool La Ind Est,,Whitby,North Yorkshire,YO22 4LX,England,United Kingdom,"Unit 3C/Larpool La Ind Est, Whitby, North Yorkshire, YO22 4LX, United Kingdom",54.4773029,-0.6092755,www.drapersofwhitby.com,https://home.tarkett.co.uk/en_GB/store-locator/united-kingdom/north-yorkshire/whitby/29669-drapers-carpets?locale=en_GB
29914,/api/store_locators/29914,Eclipse Flooring,Unit 1 Tarran Way South,Wirral,Moreton,England,CH46 4TP,England,United Kingdom,"Unit 1 Tarran Way South, Wirral, Moreton, England, CH46 4TP, United Kingdom",53.408901,-3.115630,,https://home.tarkett.co.uk/en_GB/store-locator/united-kingdom/england/moreton/29914-eclipse-flooring?locale=en_GB
29859,/api/store_locators/29859,Elite Installations,1a Coronation Road,,Harrogate,England,HG2 8BZ,England,United Kingdom,"1a Coronation Road, Harrogate, England, HG2 8BZ, United Kingdom",53.97703,-1.53210,,https://home.tarkett.co.uk/en_GB/store-locator/united-kingdom/england/harrogate/29859-elite-installations?locale=en_GB
29891,/api/store_locators/29891,Elvet Flooring Solutions,8 WINCHESTER ROAD,Durham,County Durham,England,,England,United Kingdom,"8 WINCHESTER ROAD, Durham, County Durham, England, United Kingdom",54.801440,-1.562990,,https://home.tarkett.co.uk/en_GB/store-locator/united-kingdom/england/county-durham/29891-elvet-flooring-solutions?locale=en_GB
30182,/api/store_locators/30182,Endurance Carpets,4 KELVIN PARADE,,Orpington,England,BR6 8BS,England,United Kingdom,"4 KELVIN PARADE, Orpington, England, BR6 8BS, United Kingdom",51.374735,0.082758,,https://home.tarkett.co.uk/en_GB/store-locator/united-kingdom/england/orpington/30182-endurance-carpets?locale=en_GB
29663,/api/store_locators/29663,Floor Depot,Eastside Road,,Chesterfield,England,S41 9AT,England,United Kingdom,"Eastside Road, Chesterfield, England, S41 9AT, United Kingdom",53.2578139,-1.4224748,,https://home.tarkett.co.uk/en_GB/store-locator/united-kingdom/england/chesterfield/29663-floor-depot?locale=en_GB
30247,/api/store_locators/30247,Floor Designs,Unit 15 Partnership House,Withambrook Park Ind. Estate,Grantham,England,NG31 9ST,England,United Kingdom,"Unit 15 Partnership House, Withambrook Park Ind. Estate, Grantham, England, NG31 9ST, United Kingdom",52.926449,-0.608490,,https://home.tarkett.co.uk/en_GB/store-locator/united-kingdom/england/grantham/30247-floor-designs?locale=en_GB
30259,/api/store_locators/30259,Flooring Developments,Unit H5 Morton Park Way,,Darlington,England,DL1 4PH,England,United Kingdom,"Unit H5 Morton Park Way, Darlington, England, DL1 4PH, United Kingdom",54.521864,-1.501686,,https://home.tarkett.co.uk/en_GB/store-locator/united-kingdom/england/darlington/30259-flooring-developments?locale=en_GB
30185,/api/store_locators/30185,Flooring Developments LTD,Unit H5 Morton Park Way,,Darlington,England,DL1 4PH,England,United Kingdom,"Unit H5 Morton Park Way, Darlington, England, DL1 4PH, United Kingdom",54.521864,-1.501686,,https://home.tarkett.co.uk/en_GB/store-locator/united-kingdom/england/darlington/30185-flooring-developments-ltd?locale=en_GB
29903,/api/store_locators/29903,Flooring Matters SW,"18 - 19, Samara Business Park,",,Newton Abbott,England,TQ12 6TR,England,United Kingdom,"18 - 19, Samara Business Park,, Newton Abbott, England, TQ12 6TR, United Kingdom",50.57483,-3.65980,,https://home.tarkett.co.uk/en_GB/store-locator/united-kingdom/england/newton-abbott/29903-flooring-matters-sw?locale=en_GB
29902,/api/store_locators/29902,Flooring Storage UK,"Unit 9 The, Summit Centre",Summit road,Potters Bar,England,EN6 3QW,England,United Kingdom,"Unit 9 The, Summit Centre, Summit road, Potters Bar, England, EN6 3QW, United Kingdom",51.704651,-0.200690,,https://home.tarkett.co.uk/en_GB/store-locator/united-kingdom/england/potters-bar/29902-flooring-storage-uk?locale=en_GB
30465,/api/store_locators/30465,Flooring Worx,Unit B6 Meynell Road,,Darlington,England,DL3 0XA,England,United Kingdom,"Unit B6 Meynell Road, Darlington, England, DL3 0XA, United Kingdom",54.539650,-1.554540,,https://home.tarkett.co.uk/en_GB/store-locator/united-kingdom/england/darlington/30465-flooring-worx?locale=en_GB
29866,/api/store_locators/29866,Floorscope,Eastfield House,Corbridge,Corbridge,England,NE45 5LD,England,United Kingdom,"Eastfield House, Corbridge, Corbridge, England, NE45 5LD, United Kingdom",54.973512,-2.015841,,https://home.tarkett.co.uk/en_GB/store-locator/united-kingdom/england/corbridge/29866-floorscope?locale=en_GB
30084,/api/store_locators/30084,Floortek Supplies,UNIT 3 GRANGE FARM INDUSTRIAL ESTATE,LITTLE CHESTERTON,Bicester,England,OX25 3PD,England,United Kingdom,"UNIT 3 GRANGE FARM INDUSTRIAL ESTATE, LITTLE CHESTERTON, Bicester, England, OX25 3PD, United Kingdom",51.878979,-1.189280,,https://home.tarkett.co.uk/en_GB/store-locator/united-kingdom/england/bicester/30084-floortek-supplies?locale=en_GB
29692,/api/store_locators/29692,Fresh Flooring,43 Foregate St,,Stafford,Staffordshire,ST16 2PJ,England,United Kingdom,"43 Foregate St, Stafford, Staffordshire, ST16 2PJ, United Kingdom",52.8126936,-2.1215329,www.freshflooring.co.uk,https://home.tarkett.co.uk/en_GB/store-locator/united-kingdom/staffordshire/stafford/29692-fresh-flooring?locale=en_GB
29704,/api/store_locators/29704,Gloucester Carpet Outlet,Unit 4 Mill Place,90 Bristol Rd,Gloucester,Gloucestershire,GL1 5SQ,England,United Kingdom,"Unit 4 Mill Place, 90 Bristol Rd, Gloucester, Gloucestershire, GL1 5SQ, United Kingdom",51.847221,-2.261140,HTTP://gloucestercarpetoutlet.co.uk,https://home.tarkett.co.uk/en_GB/store-locator/united-kingdom/gloucestershire/gloucester/29704-gloucester-carpet-outlet?locale=en_GB
29897,/api/store_locators/29897,Guest Carpets,774-776 BRISTOL ROAD,Selly Oak,City and Borough of Birmingham,England,B29 6NA,England,United Kingdom,"774-776 BRISTOL ROAD, Selly Oak, City and Borough of Birmingham, England, B29 6NA, United Kingdom",52.440979,-1.938860,,https://home.tarkett.co.uk/en_GB/store-locator/united-kingdom/england/city-and-borough-of-birmingham/29897-guest-carpets?locale=en_GB
29480,/api/store_locators/29480,Harper & Pye Ltd,109-111 Red Bank Rd,,Blackpool,England,FY2 9HZ,England,United Kingdom,"109-111 Red Bank Rd, Blackpool, England, FY2 9HZ, United Kingdom",53.8503484,-3.0487089,,https://home.tarkett.co.uk/en_GB/store-locator/united-kingdom/england/blackpool/29480-harper-pye-ltd?locale=en_GB
29658,/api/store_locators/29658,Home Carpets by Neil Mcbrearty,Keigh House,Croft Terrace,Carlisle,England,CA1 25N,England,United Kingdom,"Keigh House, Croft Terrace, Carlisle, England, CA1 25N, United Kingdom",54.891755,-2.9026547,www.carpetscarlisle.co.uk,https://home.tarkett.co.uk/en_GB/store-locator/united-kingdom/england/carlisle/29658-home-carpets-by-neil-mcbrearty?locale=en_GB
29429,/api/store_locators/29429,Hopkins Flooring,Unit 3 Station Road Industrial Estate,,Attleborough,England,NR17 2SP,England,United Kingdom,"Unit 3 Station Road Industrial Estate, Attleborough, England, NR17 2SP, United Kingdom",52.5122683,1.0242888,,https://home.tarkett.co.uk/en_GB/store-locator/united-kingdom/england/attleborough/29429-hopkins-flooring?locale=en_GB
29678,/api/store_locators/29678,Hudspeth Floooring,Unit 7 Badger Ct,Harmby Rd,Leyburn,England,DL8 5BF,England,United Kingdom,"Unit 7 Badger Ct, Harmby Rd, Leyburn, England, DL8 5BF, United Kingdom",54.3073824,-1.8188618,,https://home.tarkett.co.uk/en_GB/store-locator/united-kingdom/england/leyburn/29678-hudspeth-floooring?locale=en_GB
29668,/api/store_locators/29668,Hudspeth Flooring,Unit 1 & 2 Brompton Business Park,Station Rd,Brompton on Swale,North Yorkshire,DL10 7SN,England,United Kingdom,"Unit 1 & 2 Brompton Business Park, Station Rd, Brompton on Swale, North Yorkshire, DL10 7SN, United Kingdom",54.3924593,-1.6602615,http://www.hudspethflooring.co.uk,https://home.tarkett.co.uk/en_GB/store-locator/united-kingdom/north-yorkshire/brompton-on-swale/29668-hudspeth-flooring?locale=en_GB
30246,/api/store_locators/30246,Image Flooring Benfleet,197 High Road,,South Benfleet,England,SS7 5HY,England,United Kingdom,"197 High Road, South Benfleet, England, SS7 5HY, United Kingdom",51.55,0.556,,https://home.tarkett.co.uk/en_GB/store-locator/united-kingdom/england/south-benfleet/30246-image-flooring-benfleet?locale=en_GB
30245,/api/store_locators/30245,Image Flooring Chelmsford,38 Moulsham Street,,Chelmsford,England,CM2 0HY,England,United Kingdom,"38 Moulsham Street, Chelmsford, England, CM2 0HY, United Kingdom",51.726879,0.467620,,https://home.tarkett.co.uk/en_GB/store-locator/united-kingdom/england/chelmsford/30245-image-flooring-chelmsford?locale=en_GB
29713,/api/store_locators/29713,Inspired Flooring Earby,17 Colne Rd,Earby,Barnoldswick,England,BB18 6XB,England,United Kingdom,"17 Colne Rd, Earby, Barnoldswick, England, BB18 6XB, United Kingdom",53.912877,-2.1932683,,https://home.tarkett.co.uk/en_GB/store-locator/united-kingdom/england/barnoldswick/29713-inspired-flooring-earby?locale=en_GB
29685,/api/store_locators/29685,Iroka Interiors,15-16 Hayle Business Park,,Hayle,Cornwall,TR27 5JR,England,United Kingdom,"15-16 Hayle Business Park, Hayle, Cornwall, TR27 5JR, United Kingdom",50.188766,-5.4187704,https://www.iroka.com/,https://home.tarkett.co.uk/en_GB/store-locator/united-kingdom/cornwall/hayle/29685-iroka-interiors?locale=en_GB
29937,/api/store_locators/29937,Islandwide Carpets,4 Star Street,Ryde,Isle of Wight,England,PO33 2HX,England,United Kingdom,"4 Star Street, Ryde, Isle of Wight, England, PO33 2HX, United Kingdom",50.727902,-1.162223,,https://home.tarkett.co.uk/en_GB/store-locator/united-kingdom/england/isle-of-wight/29937-islandwide-carpets?locale=en_GB
29729,/api/store_locators/29729,JA flooring,3 William St,,Northampton,England,NN1 3EW,England,United Kingdom,"3 William St, Northampton, England, NN1 3EW, United Kingdom",52.2432445,-0.8948649,,https://home.tarkett.co.uk/en_GB/store-locator/united-kingdom/england/northampton/29729-ja-flooring?locale=en_GB
29681,/api/store_locators/29681,Jeff Wynn,50 Station Rd,,Redcar,England,TS10 1AG,England,United Kingdom,"50 Station Rd, Redcar, England, TS10 1AG, United Kingdom",54.6186786,-1.0704099,,https://home.tarkett.co.uk/en_GB/store-locator/united-kingdom/england/redcar/29681-jeff-wynn?locale=en_GB
29881,/api/store_locators/29881,Jim Youngman Carpets,66 King Street,,Whitehaven,Cumbria,CA28 7LE,England,United Kingdom,"66 King Street, Whitehaven, Cumbria, CA28 7LE, United Kingdom",54.54907,-3.58902,,https://home.tarkett.co.uk/en_GB/store-locator/united-kingdom/cumbria/whitehaven/29881-jim-youngman-carpets?locale=en_GB
29889,/api/store_locators/29889,JL Flooring,Unit 3 Old Priory Works,Titchfield,Portsmouth,England,PO14 4BQ,England,United Kingdom,"Unit 3 Old Priory Works, Titchfield, Portsmouth, England, PO14 4BQ, United Kingdom",50.851200,-1.242880,,https://home.tarkett.co.uk/en_GB/store-locator/united-kingdom/england/portsmouth/29889-jl-flooring?locale=en_GB
29736,/api/store_locators/29736,JSR Flooring,72 Ravensdale,,Gt Clacton,Essex,CO15 4QH,England,United Kingdom,"72 Ravensdale, Gt Clacton, Essex, CO15 4QH, United Kingdom",51.8063369,1.1553937,,https://home.tarkett.co.uk/en_GB/store-locator/united-kingdom/essex/gt-clacton/29736-jsr-flooring?locale=en_GB
29854,/api/store_locators/29854,Kinghall Flooring,69a Gedling Road,Carlton,Nottinghamshire,England,NG4 3FG,England,United Kingdom,"69a Gedling Road, Carlton, Nottinghamshire, England, NG4 3FG, United Kingdom",52.97150,-1.08229,,https://home.tarkett.co.uk/en_GB/store-locator/united-kingdom/england/nottinghamshire/29854-kinghall-flooring?locale=en_GB
29700,/api/store_locators/29700,Knights flooring,Aztec centre 26 nuffield road,Nuffield Ind Estate,Poole,England,BH17 0RT,England,United Kingdom,"Aztec centre 26 nuffield road, Nuffield Ind Estate, Poole, England, BH17 0RT, United Kingdom",50.741607,-1.976238,,https://home.tarkett.co.uk/en_GB/store-locator/united-kingdom/england/poole/29700-knights-flooring?locale=en_GB
29690,/api/store_locators/29690,Lewis Carpets,Unit 2 Plot 2 Simmonds rd,Wincheap ind estate,Canterbury,England,CT1 3RA,England,United Kingdom,"Unit 2 Plot 2 Simmonds rd, Wincheap ind estate, Canterbury, England, CT1 3RA, United Kingdom",51.2734048,1.0694292,,https://home.tarkett.co.uk/en_GB/store-locator/united-kingdom/england/canterbury/29690-lewis-carpets?locale=en_GB
29900,/api/store_locators/29900,LT Carpets & Flooring,"Unit 2, 91 London Road",,Copford,England,CO6 1LG,England,United Kingdom,"Unit 2, 91 London Road, Copford, England, CO6 1LG, United Kingdom",51.880650,0.801590,http://ltflooring.co.uk,https://home.tarkett.co.uk/en_GB/store-locator/united-kingdom/england/copford/29900-lt-carpets-flooring?locale=en_GB
29761,/api/store_locators/29761,Lutterworth Flooring,Unit 1 The Yard,Lutterworth,Lutterworth,England,LE17 4PJ,England,United Kingdom,"Unit 1 The Yard, Lutterworth, Lutterworth, England, LE17 4PJ, United Kingdom",52.459087,-1.203795,,https://home.tarkett.co.uk/en_GB/store-locator/united-kingdom/england/lutterworth/29761-lutterworth-flooring?locale=en_GB
30466,/api/store_locators/30466,Market Carpets,10-12 Bridford Road,Marsh Barton,Exeter,England,EX2 8QX,England,United Kingdom,"10-12 Bridford Road, Marsh Barton, Exeter, England, EX2 8QX, United Kingdom",50.708260,-3.528640,,https://home.tarkett.co.uk/en_GB/store-locator/united-kingdom/england/exeter/30466-market-carpets?locale=en_GB
29750,/api/store_locators/29750,Mascalls Carpets & Flooring Specialists,The Glenmore Centre; 5; Honeywood Pkwy,,Whitfield,Dover,CT16 3FH,England,United Kingdom,"The Glenmore Centre; 5; Honeywood Pkwy, Whitfield, Dover, CT16 3FH, United Kingdom",51.1529848,1.30358,,https://home.tarkett.co.uk/en_GB/store-locator/united-kingdom/dover/whitfield/29750-mascalls-carpets-flooring-specialists?locale=en_GB
29676,/api/store_locators/29676,MS Flooring,130 Queen St,,Whitehaven,Cumbria,CA28 7QF,England,United Kingdom,"130 Queen St, Whitehaven, Cumbria, CA28 7QF, United Kingdom",54.5479201,-3.5870918,www.msflooring.co.uk,https://home.tarkett.co.uk/en_GB/store-locator/united-kingdom/cumbria/whitehaven/29676-ms-flooring?locale=en_GB
29882,/api/store_locators/29882,Multisave Carpets,"Unit 9D, Aldermoor Way",,City of Bristol,England,BS30 7DA,England,United Kingdom,"Unit 9D, Aldermoor Way, City of Bristol, England, BS30 7DA, United Kingdom",51.44446,-2.49766,,https://home.tarkett.co.uk/en_GB/store-locator/united-kingdom/england/city-of-bristol/29882-multisave-carpets?locale=en_GB
29921,/api/store_locators/29921,Northumbria Flooring,Norham Road,,North Shields,Tyne and Wear,NE29 7TY,England,United Kingdom,"Norham Road, North Shields, Tyne and Wear, NE29 7TY, United Kingdom",55.022560,-1.472870,,https://home.tarkett.co.uk/en_GB/store-locator/united-kingdom/tyne-and-wear/north-shields/29921-northumbria-flooring?locale=en_GB
29478,/api/store_locators/29478,Northumbria Flooring & Furniture,Royal Quays Outlet Centre,Coble Dene,North Shields,England,NE29 6DW,England,United Kingdom,"Royal Quays Outlet Centre, Coble Dene, North Shields, England, NE29 6DW, United Kingdom",54.9942365,-1.4645672,,https://home.tarkett.co.uk/en_GB/store-locator/united-kingdom/england/north-shields/29478-northumbria-flooring-furniture?locale=en_GB
29705,/api/store_locators/29705,Northumbria Flooring & Furniture,1 Crawford Business Park,Cowpen Road,Blyth,England,NE24 5 SU,England,United Kingdom,"1 Crawford Business Park, Cowpen Road, Blyth, England, NE24 5 SU, United Kingdom",55.1326581,-1.5149871,,https://home.tarkett.co.uk/en_GB/store-locator/united-kingdom/england/blyth/29705-northumbria-flooring-furniture?locale=en_GB
29715,/api/store_locators/29715,Optimum Flooring Solutions,Collingwood Centre,Preston N Rd,North Shields,Tyne and Wear,NE29 9QR,England,United Kingdom,"Collingwood Centre, Preston N Rd, North Shields, Tyne and Wear, NE29 9QR, United Kingdom",55.0239385,-1.4568634,,https://home.tarkett.co.uk/en_GB/store-locator/united-kingdom/tyne-and-wear/north-shields/29715-optimum-flooring-solutions?locale=en_GB
29920,/api/store_locators/29920,OTB Interiors,"Industrial Estate, Unit 14 Chatto Way",Torquay,Exeter,England,TQ1 4UE,England,United Kingdom,"Industrial Estate, Unit 14 Chatto Way, Torquay, Exeter, England, TQ1 4UE, United Kingdom",50.477058,-3.535820,,https://home.tarkett.co.uk/en_GB/store-locator/united-kingdom/england/exeter/29920-otb-interiors?locale=en_GB
30187,/api/store_locators/30187,Parkside Discount Carpets,10-12 Orwell Street,,Grimsby,England,DN31 3HB,England,United Kingdom,"10-12 Orwell Street, Grimsby, England, DN31 3HB, United Kingdom",53.575201,-0.068868,,https://home.tarkett.co.uk/en_GB/store-locator/united-kingdom/england/grimsby/30187-parkside-discount-carpets?locale=en_GB
30263,/api/store_locators/30263,Phil Irwin Carpets,180 Stanley Road,London,Teddington,England,TW11 8UD,England,United Kingdom,"180 Stanley Road, London, Teddington, England, TW11 8UD, United Kingdom",51.432110,-0.345745,,https://home.tarkett.co.uk/en_GB/store-locator/united-kingdom/england/teddington/30263-phil-irwin-carpets?locale=en_GB
30177,/api/store_locators/30177,Posh Carpets & Flooring,116 Broughton Ln,,Salford,England,M7 1UF,England,United Kingdom,"116 Broughton Ln, Salford, England, M7 1UF, United Kingdom",53.495312,-2.253670,,https://home.tarkett.co.uk/en_GB/store-locator/united-kingdom/england/salford/30177-posh-carpets-flooring?locale=en_GB
29915,/api/store_locators/29915,Regency Flooring,21 Shalloak Rd,Broad Oak,Canterbury,England,CT2 0QH,England,United Kingdom,"21 Shalloak Rd, Broad Oak, Canterbury, England, CT2 0QH, United Kingdom",51.304820,1.108080,,https://home.tarkett.co.uk/en_GB/store-locator/united-kingdom/england/canterbury/29915-regency-flooring?locale=en_GB
30189,/api/store_locators/30189,RMD Flooring,37 Shirrall Drive,Drayton Bassett,Tamworth,England,B78 3EQ,England,United Kingdom,"37 Shirrall Drive, Drayton Bassett, Tamworth, England, B78 3EQ, United Kingdom",52.595240,-1.762071,,https://home.tarkett.co.uk/en_GB/store-locator/united-kingdom/england/tamworth/30189-rmd-flooring?locale=en_GB
29748,/api/store_locators/29748,Rodgers Carpets Ltd,104a Main Street,,Frodsham,England,WA6 7BN,England,United Kingdom,"104a Main Street, Frodsham, England, WA6 7BN, United Kingdom",53.295306,-2.7265562,,https://home.tarkett.co.uk/en_GB/store-locator/united-kingdom/england/frodsham/29748-rodgers-carpets-ltd?locale=en_GB
29703,/api/store_locators/29703,ROMNEY FLOORING,MOUNTFIELD ROAD,NEW ROMNEY,KENT,Kent,TN28 8LH,England,United Kingdom,"MOUNTFIELD ROAD, NEW ROMNEY, KENT, Kent, TN28 8LH, United Kingdom",50.9831502,0.9509241,WWW.ROMNEYFLOORING.CO.UK,https://home.tarkett.co.uk/en_GB/store-locator/united-kingdom/kent/kent/29703-romney-flooring?locale=en_GB
29662,/api/store_locators/29662,Roseways,180 Kings Road,,Harrogate,England,HG1 5JG,England,United Kingdom,"180 Kings Road, Harrogate, England, HG1 5JG, United Kingdom",54.003068,-1.5369951,roseways.co.uk,https://home.tarkett.co.uk/en_GB/store-locator/united-kingdom/england/harrogate/29662-roseways?locale=en_GB
29739,/api/store_locators/29739,Sawston Carpets & Flooring,Unit 34; Eastern Counties Leather Site; London Rd;,,Cambridge,England,CB22 3EE,England,United Kingdom,"Unit 34; Eastern Counties Leather Site; London Rd;, Cambridge, England, CB22 3EE, United Kingdom",52.1950788,0.1312729,,https://home.tarkett.co.uk/en_GB/store-locator/united-kingdom/england/cambridge/29739-sawston-carpets-flooring?locale=en_GB
29887,/api/store_locators/29887,Select Carpet-Blinds & Floors,400 Norton Road,,Stockton on Tees,England,TS20 2QL,England,United Kingdom,"400 Norton Road, Stockton on Tees, England, TS20 2QL, United Kingdom",54.584599,-1.310520,,https://home.tarkett.co.uk/en_GB/store-locator/united-kingdom/england/stockton-on-tees/29887-select-carpet-blinds-floors?locale=en_GB
29860,/api/store_locators/29860,Selectline Kitchens and Flooring,Athena Centre,,Swindon,England,SN2 8XA,England,United Kingdom,"Athena Centre, Swindon, England, SN2 8XA, United Kingdom",51.57629,-1.76822,,https://home.tarkett.co.uk/en_GB/store-locator/united-kingdom/england/swindon/29860-selectline-kitchens-and-flooring?locale=en_GB
29864,/api/store_locators/29864,Simon Davis Flooring,Unit 1 Old Mills Industrial Estate,Paulton,Bristol,England,BS39 7SU,England,United Kingdom,"Unit 1 Old Mills Industrial Estate, Paulton, Bristol, England, BS39 7SU, United Kingdom",51.291910,-2.502510,,https://home.tarkett.co.uk/en_GB/store-locator/united-kingdom/england/bristol/29864-simon-davis-flooring?locale=en_GB
29718,/api/store_locators/29718,Solihull Carpets,Shakespeare Drive,,Solihull,England,B90 2AJ,England,United Kingdom,"Shakespeare Drive, Solihull, England, B90 2AJ, United Kingdom",52.4013434,-1.8282628,,https://home.tarkett.co.uk/en_GB/store-locator/united-kingdom/england/solihull/29718-solihull-carpets?locale=en_GB
30262,/api/store_locators/30262,Spacers Tile & Wood Flooring Limited,18 King St,,Maidenhead,England,SL6 1EF,England,United Kingdom,"18 King St, Maidenhead, England, SL6 1EF, United Kingdom",51.518959,-0.721600,,https://home.tarkett.co.uk/en_GB/store-locator/united-kingdom/england/maidenhead/30262-spacers-tile-wood-flooring-limited?locale=en_GB
29916,/api/store_locators/29916,St Helens Flooring,Unit 1 The Barge Business Park,Merton Bank Road,St Helens,England,WA9 1HZ,England,United Kingdom,"Unit 1 The Barge Business Park, Merton Bank Road, St Helens, England, WA9 1HZ, United Kingdom",53.458820,-2.719300,,https://home.tarkett.co.uk/en_GB/store-locator/united-kingdom/england/st-helens/29916-st-helens-flooring?locale=en_GB
29906,/api/store_locators/29906,Steve's Carpets,UNIT 16 BURN RD,ATKINSON INDUSTRIAL ESTATE,Hartlepool,England,TS25 1RH,England,United Kingdom,"UNIT 16 BURN RD, ATKINSON INDUSTRIAL ESTATE, Hartlepool, England, TS25 1RH, United Kingdom",54.67817,-1.20480,,https://home.tarkett.co.uk/en_GB/store-locator/united-kingdom/england/hartlepool/29906-steve-s-carpets?locale=en_GB
30191,/api/store_locators/30191,Stroud Carpets & Interiors,Stroud Road,Nailworth,Gloucestershire,England,GL6 0BE,England,United Kingdom,"Stroud Road, Nailworth, Gloucestershire, England, GL6 0BE, United Kingdom",51.698921,-2.222420,,https://home.tarkett.co.uk/en_GB/store-locator/united-kingdom/england/gloucestershire/30191-stroud-carpets-interiors?locale=en_GB
30083,/api/store_locators/30083,Supreme Carpets,"Foresters Hall, 49 Manor Road,",Kings Lynne,Dersingham,England,PE31 6LH,England,United Kingdom,"Foresters Hall, 49 Manor Road,, Kings Lynne, Dersingham, England, PE31 6LH, United Kingdom",52.841091,0.504430,,https://home.tarkett.co.uk/en_GB/store-locator/united-kingdom/england/dersingham/30083-supreme-carpets?locale=en_GB
29694,/api/store_locators/29694,Sylk Flooring,The Adelphi Mill,Grimshaw Lane,Bollington,England,SK10 5JB,England,United Kingdom,"The Adelphi Mill, Grimshaw Lane, Bollington, England, SK10 5JB, United Kingdom",53.2914718,-2.1067268,,https://home.tarkett.co.uk/en_GB/store-locator/united-kingdom/england/bollington/29694-sylk-flooring?locale=en_GB
30176,/api/store_locators/30176,T&B CARPETS,17-18 JUBILEE END,,Manningtree,England,CO11 1UR,England,United Kingdom,"17-18 JUBILEE END, Manningtree, England, CO11 1UR, United Kingdom",51.947109,1.055910,,https://home.tarkett.co.uk/en_GB/store-locator/united-kingdom/england/manningtree/30176-t-b-carpets?locale=en_GB
30089,/api/store_locators/30089,Tees Valley Flooring,24 Arkgrove Industrial Estate,"Ross Road, Portrack",Stockton on Tees,England,TS2 1RP,England,United Kingdom,"24 Arkgrove Industrial Estate, Ross Road, Portrack, Stockton on Tees, England, TS2 1RP, United Kingdom",54.586971,-1.253220,,https://home.tarkett.co.uk/en_GB/store-locator/united-kingdom/england/stockton-on-tees/30089-tees-valley-flooring?locale=en_GB
29675,/api/store_locators/29675,The Arches Carpet Centre,Unit 1+2 Hartness Road,,Penrith,Middlesex,CA11 9BD,England,United Kingdom,"Unit 1+2 Hartness Road, Penrith, Middlesex, CA11 9BD, United Kingdom",54.667471,-2.772424,www.thearchescarpetcentre.co.uk,https://home.tarkett.co.uk/en_GB/store-locator/united-kingdom/middlesex/penrith/29675-the-arches-carpet-centre?locale=en_GB
29876,/api/store_locators/29876,The Design House,A7 Manor Point Business Park,Manor Lane,Holmes Chapel,England,CW4 8GL,England,United Kingdom,"A7 Manor Point Business Park, Manor Lane, Holmes Chapel, England, CW4 8GL, United Kingdom",53.20181,-2.34800,,https://home.tarkett.co.uk/en_GB/store-locator/united-kingdom/england/holmes-chapel/29876-the-design-house?locale=en_GB
29735,/api/store_locators/29735,The Floor Studio,8 Bridgewater street,Lymm,Cheshire East,England,WA13 0AB,England,United Kingdom,"8 Bridgewater street, Lymm, Cheshire East, England, WA13 0AB, United Kingdom",53.381233,-2.479084,https://floor-studio.co.uk/pages/in-store-appointments,https://home.tarkett.co.uk/en_GB/store-locator/united-kingdom/england/cheshire-east/29735-the-floor-studio?locale=en_GB
29716,/api/store_locators/29716,The Flooring and Carpet shop,1 Hessary st,Poundbury,Dorchester,England,DT1 3SF,England,United Kingdom,"1 Hessary st, Poundbury, Dorchester, England, DT1 3SF, United Kingdom",50.7123335,-2.4668836,,https://home.tarkett.co.uk/en_GB/store-locator/united-kingdom/england/dorchester/29716-the-flooring-and-carpet-shop?locale=en_GB
30260,/api/store_locators/30260,The Southport Carpet Centre,99-105 EASTBANK STREET,,Southport,England,PR8 1DG,England,United Kingdom,"99-105 EASTBANK STREET, Southport, England, PR8 1DG, United Kingdom",53.643658,-3.002890,,https://home.tarkett.co.uk/en_GB/store-locator/united-kingdom/england/southport/30260-the-southport-carpet-centre?locale=en_GB
30190,/api/store_locators/30190,Thomas Hearn Furnishings,102 Warwick Road,,Kenilworth,England,CV8 1HL,England,United Kingdom,"102 Warwick Road, Kenilworth, England, CV8 1HL, United Kingdom",52.336720,-1.574210,,https://home.tarkett.co.uk/en_GB/store-locator/united-kingdom/england/kenilworth/30190-thomas-hearn-furnishings?locale=en_GB
30256,/api/store_locators/30256,Thompsons Floooring,76 Newlands,,Whitfield,Dover,CT16 3ND,England,United Kingdom,"76 Newlands, Whitfield, Dover, CT16 3ND, United Kingdom",51.156896,1.297613,,https://home.tarkett.co.uk/en_GB/store-locator/united-kingdom/dover/whitfield/30256-thompsons-floooring?locale=en_GB
30265,/api/store_locators/30265,Trade Carpet London,Unit 7 Summerstown,,Wimbledon,England,SW17 0BQ,England,United Kingdom,"Unit 7 Summerstown, Wimbledon, England, SW17 0BQ, United Kingdom",51.432491,-0.185130,,https://home.tarkett.co.uk/en_GB/store-locator/united-kingdom/england/wimbledon/30265-trade-carpet-london?locale=en_GB
29724,/api/store_locators/29724,Trinity Carpets,Unit 12 Cedars Business Centre,,Cannock,England,WS11 1QJ,England,United Kingdom,"Unit 12 Cedars Business Centre, Cannock, England, WS11 1QJ, United Kingdom",52.6807741,-2.0398375,,https://home.tarkett.co.uk/en_GB/store-locator/united-kingdom/england/cannock/29724-trinity-carpets?locale=en_GB
29725,/api/store_locators/29725,Trinity Carpets,Unit 4 Coneygre Ind. Est.,,Tipton,Staffordshire,DY4 8XP,England,United Kingdom,"Unit 4 Coneygre Ind. Est., Tipton, Staffordshire, DY4 8XP, United Kingdom",52.5165431,-2.0651574,,https://home.tarkett.co.uk/en_GB/store-locator/united-kingdom/staffordshire/tipton/29725-trinity-carpets?locale=en_GB
29683,/api/store_locators/29683,Trinity Flooring,"UNIT 16 Javelin Way, Henwood Ind Est.",ASHFORD,KENT,Kent,TN24 8FN,England,United Kingdom,"UNIT 16 Javelin Way, Henwood Ind Est., ASHFORD, KENT, Kent, TN24 8FN, United Kingdom",51.1445834,0.8684641,https://www.trinity-flooring.co.uk,https://home.tarkett.co.uk/en_GB/store-locator/united-kingdom/kent/kent/29683-trinity-flooring?locale=en_GB
30258,/api/store_locators/30258,Upper Street Carpets,184 Upper Street,,Islington,England,N1 1RQ,England,United Kingdom,"184 Upper Street, Islington, England, N1 1RQ, United Kingdom",51.539928,-0.102560,,https://home.tarkett.co.uk/en_GB/store-locator/united-kingdom/england/islington/30258-upper-street-carpets?locale=en_GB
30181,/api/store_locators/30181,VICTORIA FLOORING LTD,College Road,,Margate,England,CT9 4AT,England,United Kingdom,"College Road, Margate, England, CT9 4AT, United Kingdom",51.379430,1.386262,,https://home.tarkett.co.uk/en_GB/store-locator/united-kingdom/england/margate/30181-victoria-flooring-ltd?locale=en_GB
30192,/api/store_locators/30192,Village Flooring,3 Old Lane,Birkenshaw,Bradford,England,BD11 2LA,England,United Kingdom,"3 Old Lane, Birkenshaw, Bradford, England, BD11 2LA, United Kingdom",53.749716,-1.686768,,https://home.tarkett.co.uk/en_GB/store-locator/united-kingdom/england/bradford/30192-village-flooring?locale=en_GB
29840,/api/store_locators/29840,Walker Flooring,Oakwood Nurseries,Chelford Road,Knutsford,England,WA16 8SE,England,United Kingdom,"Oakwood Nurseries, Chelford Road, Knutsford, England, WA16 8SE, United Kingdom",53.28305,-2.31858,,https://home.tarkett.co.uk/en_GB/store-locator/united-kingdom/england/knutsford/29840-walker-flooring?locale=en_GB
29728,/api/store_locators/29728,Walker on Flooring,111 South Street,,Eastbourne,England,BN21 4LU,England,United Kingdom,"111 South Street, Eastbourne, England, BN21 4LU, United Kingdom",50.7666068,0.2845091,,https://home.tarkett.co.uk/en_GB/store-locator/united-kingdom/england/eastbourne/29728-walker-on-flooring?locale=en_GB
29714,/api/store_locators/29714,Wansbeck Carpet and Floor,2a Pegswood Industrial Estate,,Pegswood,England,NE61 6HZ,England,United Kingdom,"2a Pegswood Industrial Estate, Pegswood, England, NE61 6HZ, United Kingdom",55.1829264,-1.6411707,https://www.wansbeckcarpetandfloor.co.uk/,https://home.tarkett.co.uk/en_GB/store-locator/united-kingdom/england/pegswood/29714-wansbeck-carpet-and-floor?locale=en_GB
29845,/api/store_locators/29845,Welch Mill Carpets,Welch Hill Street,Leigh,Borough of Wigan,England,WN7 4DU,England,United Kingdom,"Welch Hill Street, Leigh, Borough of Wigan, England, WN7 4DU, United Kingdom",53.49480,-2.52515,,https://home.tarkett.co.uk/en_GB/store-locator/united-kingdom/england/borough-of-wigan/29845-welch-mill-carpets?locale=en_GB
29726,/api/store_locators/29726,Whitburn Coastal Flooring,4 N Guards,,Whitburn,England,SR6 7BU,England,United Kingdom,"4 N Guards, Whitburn, England, SR6 7BU, United Kingdom",54.9504068,-1.36521,,https://home.tarkett.co.uk/en_GB/store-locator/united-kingdom/england/whitburn/29726-whitburn-coastal-flooring?locale=en_GB
29867,/api/store_locators/29867,Whitley Bay Carpets and Beds,1 Marden Rd,,Whitley Bay,England,NE26 2JH,England,United Kingdom,"1 Marden Rd, Whitley Bay, England, NE26 2JH, United Kingdom",55.04112,-1.44699,,https://home.tarkett.co.uk/en_GB/store-locator/united-kingdom/england/whitley-bay/29867-whitley-bay-carpets-and-beds?locale=en_GB
29905,/api/store_locators/29905,Wilkinsons Flooring,Collingwood Court Riverside Park Industrial Estate,Riverside Park Industrial Estate,Middlesbrough,England,TS2 1RP,England,United Kingdom,"Collingwood Court Riverside Park Industrial Estate, Riverside Park Industrial Estate, Middlesbrough, England, TS2 1RP, United Kingdom",54.58739,-1.25480,,https://home.tarkett.co.uk/en_GB/store-locator/united-kingdom/england/middlesbrough/29905-wilkinsons-flooring?locale=en_GB
29712,/api/store_locators/29712,Winnens 1929 ltd,Unit 18 Neptune Business Park,Tewkesbury rd,Cheltenham,England,GL51 9FB,England,United Kingdom,"Unit 18 Neptune Business Park, Tewkesbury rd, Cheltenham, England, GL51 9FB, United Kingdom",51.9086458,-2.0936427,,https://home.tarkett.co.uk/en_GB/store-locator/united-kingdom/england/cheltenham/29712-winnens-1929-ltd?locale=en_GB
29893,/api/store_locators/29893,Wycombe Carpet Centre,3 Lancaster Road,3 Lancaster Road High Wycombe,Buckinghamshire,England,HP12 3NN,England,United Kingdom,"3 Lancaster Road, 3 Lancaster Road High Wycombe, Buckinghamshire, England, HP12 3NN, United Kingdom",51.619228,-0.768950,,https://home.tarkett.co.uk/en_GB/store-locator/united-kingdom/england/buckinghamshire/29893-wycombe-carpet-centre?locale=en_GB
30081,/api/store_locators/30081,Magic Carpets,Clock Tower Industrial Estate,Foxdale,Isle Of Man,Ramsey,IM4 3HF,Isle of Man,Isle of Man,"Clock Tower Industrial Estate, Foxdale, Isle Of Man, Ramsey, IM4 3HF, Isle of Man",54.168659,-4.633950,,https://home.tarkett.co.uk/en_GB/store-locator/isle-of-man/ramsey/isle-of-man/30081-magic-carpets?locale=en_GB
29665,/api/store_locators/29665,Allans Furniture Warehouse,61 Wallace St,,Glasgow,Lanarkshire,G5 8DJ,Scotland,United Kingdom,"61 Wallace St, Glasgow, Lanarkshire, G5 8DJ, United Kingdom",55.8518054,-4.2615617,allansfurniture.com,https://home.tarkett.co.uk/en_GB/store-locator/united-kingdom/lanarkshire/glasgow/29665-allans-furniture-warehouse?locale=en_GB
29756,/api/store_locators/29756,Carpet and flooring Services,Unit 1 Lochavullin Industrial Estate,Lochavullin Road,Oban,Scotland,PA34 4PL,Scotland,United Kingdom,"Unit 1 Lochavullin Industrial Estate, Lochavullin Road, Oban, Scotland, PA34 4PL, United Kingdom",56.4103521,-5.4730807,https://carpetservicesoban.co.uk/,https://home.tarkett.co.uk/en_GB/store-locator/united-kingdom/scotland/oban/29756-carpet-and-flooring-services?locale=en_GB
29751,/api/store_locators/29751,Crawford Flooring EK,Unit 6; Market Cross Shopping Centre,,Hamilton,Scotland,ML3 9TE,Scotland,United Kingdom,"Unit 6; Market Cross Shopping Centre, Hamilton, Scotland, ML3 9TE, United Kingdom",55.7728783,-4.0760015,https://crawfordflooring.co.uk/,https://home.tarkett.co.uk/en_GB/store-locator/united-kingdom/scotland/hamilton/29751-crawford-flooring-ek?locale=en_GB
29753,/api/store_locators/29753,Dallas Carpets Scotland Ltd,112 Roxburgh Street,,Greenock,Scotland,PA15 4JT,Scotland,United Kingdom,"112 Roxburgh Street, Greenock, Scotland, PA15 4JT, United Kingdom",55.9463295,-4.7644597,,https://home.tarkett.co.uk/en_GB/store-locator/united-kingdom/scotland/greenock/29753-dallas-carpets-scotland-ltd?locale=en_GB
29844,/api/store_locators/29844,Donnys Carpets Scotland Ltd,93-95 Glasgow Road,Camelon,Falkirk,Scotland,FK1 4JD,Scotland,United Kingdom,"93-95 Glasgow Road, Camelon, Falkirk, Scotland, FK1 4JD, United Kingdom",56.00660,-3.83004,https://www.donnyscarpetsscotlandltd.co.uk/,https://home.tarkett.co.uk/en_GB/store-locator/united-kingdom/scotland/falkirk/29844-donnys-carpets-scotland-ltd?locale=en_GB
29857,/api/store_locators/29857,EBR Flooring,21c Bentinck Street,,Kilmarnock,Scotland,KA1 4AW,Scotland,United Kingdom,"21c Bentinck Street, Kilmarnock, Scotland, KA1 4AW, United Kingdom",55.60158,-4.49443,,https://home.tarkett.co.uk/en_GB/store-locator/united-kingdom/scotland/kilmarnock/29857-ebr-flooring?locale=en_GB
29660,/api/store_locators/29660,Edinburgh Carpet Warehouse Limited,34 E London St,,Edinburgh,Midlothian,EH7 4BQ,Scotland,United Kingdom,"34 E London St, Edinburgh, Midlothian, EH7 4BQ, United Kingdom",55.9604441,-3.1856211,edinburghcarpetwarehouse.co.uk,https://home.tarkett.co.uk/en_GB/store-locator/united-kingdom/midlothian/edinburgh/29660-edinburgh-carpet-warehouse-limited?locale=en_GB
30469,/api/store_locators/30469,Falkirk Carpets,100 Thornhill Road,,Falkirk,Scotland,FK2 7AE,Scotland,United Kingdom,"100 Thornhill Road, Falkirk, Scotland, FK2 7AE, United Kingdom",56.005581,-3.776310,https://falkirkcarpets.co.uk,https://home.tarkett.co.uk/en_GB/store-locator/united-kingdom/scotland/falkirk/30469-falkirk-carpets?locale=en_GB
29752,/api/store_locators/29752,Flairplan,The Market Square,31a Graham Street,Airdrie,North Lanarkshire,ML6 6DD,Scotland,United Kingdom,"The Market Square, 31a Graham Street, Airdrie, North Lanarkshire, ML6 6DD, United Kingdom",55.8668663,-3.9778048,https://flairplan.com/,https://home.tarkett.co.uk/en_GB/store-locator/united-kingdom/north-lanarkshire/airdrie/29752-flairplan?locale=en_GB
29872,/api/store_locators/29872,Forever Flooring,Unit 1A Greendykes Ind Estate,,Broxburn,Scotland,EH52 6PG,Scotland,United Kingdom,"Unit 1A Greendykes Ind Estate, Broxburn, Scotland, EH52 6PG, United Kingdom",55.93939,-3.47490,https://foreverflooring.co.uk/,https://home.tarkett.co.uk/en_GB/store-locator/united-kingdom/scotland/broxburn/29872-forever-flooring?locale=en_GB
29850,/api/store_locators/29850,Forth Furnishing,7 Brandon Terrace,,City of Edinburgh,Scotland,EH3 5EA,Scotland,United Kingdom,"7 Brandon Terrace, City of Edinburgh, Scotland, EH3 5EA, United Kingdom",55.96221,-3.20000,,https://home.tarkett.co.uk/en_GB/store-locator/united-kingdom/scotland/city-of-edinburgh/29850-forth-furnishing?locale=en_GB
29839,/api/store_locators/29839,G Flooring Solutions,10 Sandilands Street,Shettleston,Glasgow,Lanarkshire,G32 0HS,Scotland,United Kingdom,"10 Sandilands Street, Shettleston, Glasgow, Lanarkshire, G32 0HS, United Kingdom",55.85219,-4.15832,,https://home.tarkett.co.uk/en_GB/store-locator/united-kingdom/lanarkshire/glasgow/29839-g-flooring-solutions?locale=en_GB
29901,/api/store_locators/29901,G N L Carpet and Flooring,141 Main Street,,Uddingston,Scotland,G71 7EN,Scotland,United Kingdom,"141 Main Street, Uddingston, Scotland, G71 7EN, United Kingdom",55.820080,-4.082610,,https://home.tarkett.co.uk/en_GB/store-locator/united-kingdom/scotland/uddingston/29901-g-n-l-carpet-and-flooring?locale=en_GB
29664,/api/store_locators/29664,Inspired Floors,193-195 Brandon St,,Motherwell,Lanarkshire,ML1 1RS,Scotland,United Kingdom,"193-195 Brandon St, Motherwell, Lanarkshire, ML1 1RS, United Kingdom",55.7879145,-3.9871701,www.inspiredfloors.co.uk,https://home.tarkett.co.uk/en_GB/store-locator/united-kingdom/lanarkshire/motherwell/29664-inspired-floors?locale=en_GB
29431,/api/store_locators/29431,Inverness Flooring & Furniture,1 CARSEGATE ROAD SOUTH,1 CARSEGATE ROAD SOUTH,Inverness,Scotland,IV3 8LL,Scotland,United Kingdom,"1 CARSEGATE ROAD SOUTH, 1 CARSEGATE ROAD SOUTH, Inverness, Scotland, IV3 8LL, United Kingdom",57.477773,-4.224721,https://www.inverness-flooring.co.uk,https://home.tarkett.co.uk/en_GB/store-locator/united-kingdom/scotland/inverness/29431-inverness-flooring-furniture?locale=en_GB
29759,/api/store_locators/29759,JM Flooring Scotland,Unit 15 Greenhill Shopping Centre,East Kilbride,Glasgow,Scotland,G75 8TT,Scotland,United Kingdom,"Unit 15 Greenhill Shopping Centre, East Kilbride, Glasgow, Scotland, G75 8TT, United Kingdom",55.7448799,-4.2060875,https://www.jm-flooring.co.uk/,https://home.tarkett.co.uk/en_GB/store-locator/united-kingdom/scotland/glasgow/29759-jm-flooring-scotland?locale=en_GB
29855,/api/store_locators/29855,Kinnears for Carpets Ltd,14 The Square,Port William,Newton Stewart,Scotland,DG8 9SE,Scotland,United Kingdom,"14 The Square, Port William, Newton Stewart, Scotland, DG8 9SE, United Kingdom",54.75965,-4.58395,,https://home.tarkett.co.uk/en_GB/store-locator/united-kingdom/scotland/newton-stewart/29855-kinnears-for-carpets-ltd?locale=en_GB
29848,/api/store_locators/29848,M West Flooring,Silverhill,Whiting Bay,Isle of Arran,Scotland,KA27 8QL,Scotland,United Kingdom,"Silverhill, Whiting Bay, Isle of Arran, Scotland, KA27 8QL, United Kingdom",55.48413,-5.09448,https://www.mwestflooring.co.uk/,https://home.tarkett.co.uk/en_GB/store-locator/united-kingdom/scotland/isle-of-arran/29848-m-west-flooring?locale=en_GB
29755,/api/store_locators/29755,North Floors,27 High Street,,Nairn,Scotland,IV12 4BH,Scotland,United Kingdom,"27 High Street, Nairn, Scotland, IV12 4BH, United Kingdom",57.5839407,-3.869464,,https://home.tarkett.co.uk/en_GB/store-locator/united-kingdom/scotland/nairn/29755-north-floors?locale=en_GB
29879,/api/store_locators/29879,Northern Carpets and Beds,172 Western Road,,Kilmarnock,Scotland,KA3 1NJ,Scotland,United Kingdom,"172 Western Road, Kilmarnock, Scotland, KA3 1NJ, United Kingdom",55.619381,-4.502200,https://www.northerncarpetsandbeds.co.uk/,https://home.tarkett.co.uk/en_GB/store-locator/united-kingdom/scotland/kilmarnock/29879-northern-carpets-and-beds?locale=en_GB
29898,/api/store_locators/29898,Saltire Carpets and Beds,"Unit 1, 23 Old Mill Park Ind Est",Glasgow Road,Kirkintilloch,Scotland,G66 1SS,Scotland,United Kingdom,"Unit 1, 23 Old Mill Park Ind Est, Glasgow Road, Kirkintilloch, Scotland, G66 1SS, United Kingdom",55.941662,-4.162760,https://www.saltirecarpetsandbeds.co.uk,https://home.tarkett.co.uk/en_GB/store-locator/united-kingdom/scotland/kirkintilloch/29898-saltire-carpets-and-beds?locale=en_GB
29884,/api/store_locators/29884,Sams Carpet and Flooring Ltd,College Milton,Unit 5 James Watt Place,East Kilbride,Scotland,G74 5HQ,Scotland,United Kingdom,"College Milton, Unit 5 James Watt Place, East Kilbride, Scotland, G74 5HQ, United Kingdom",55.771729,-4.206740,,https://home.tarkett.co.uk/en_GB/store-locator/united-kingdom/scotland/east-kilbride/29884-sams-carpet-and-flooring-ltd?locale=en_GB
29843,/api/store_locators/29843,Stainton Flooring,"Unit 152, Step Scotland",Players Road,Stirling,Scotland,FK7 7RP,Scotland,United Kingdom,"Unit 152, Step Scotland, Players Road, Stirling, Scotland, FK7 7RP, United Kingdom",56.11646,-3.92862,,https://home.tarkett.co.uk/en_GB/store-locator/united-kingdom/scotland/stirling/29843-stainton-flooring?locale=en_GB
29841,/api/store_locators/29841,Uddo Flooring Ltd,30 East Main Street,Uphall,Edinburgh,Midlothian,EH52 5HY,Scotland,United Kingdom,"30 East Main Street, Uphall, Edinburgh, Midlothian, EH52 5HY, United Kingdom",55.93063,-3.502680,https://www.uddo.co.uk/,https://home.tarkett.co.uk/en_GB/store-locator/united-kingdom/midlothian/edinburgh/29841-uddo-flooring-ltd?locale=en_GB
29873,/api/store_locators/29873,Unique Flooring Fife,Unit 87 East Way,Hillend,Fife,Scotland,KY11 9JF,Scotland,United Kingdom,"Unit 87 East Way, Hillend, Fife, Scotland, KY11 9JF, United Kingdom",56.04494,-3.34457,https://uniqueflooringfife.co.uk/,https://home.tarkett.co.uk/en_GB/store-locator/united-kingdom/scotland/fife/29873-unique-flooring-fife?locale=en_GB
29917,/api/store_locators/29917,White Stag Flooring,28 Bridge Street,,Ballater,Scotland,AB35 5QP,Scotland,United Kingdom,"28 Bridge Street, Ballater, Scotland, AB35 5QP, United Kingdom",57.046959,-3.035520,,https://home.tarkett.co.uk/en_GB/store-locator/united-kingdom/scotland/ballater/29917-white-stag-flooring?locale=en_GB
29868,/api/store_locators/29868,Whittons Flooring Arbroath,Grant Road,Arbroath,Arbroath,Scotland,DD11 1JN,Scotland,United Kingdom,"Grant Road, Arbroath, Arbroath, Scotland, DD11 1JN, United Kingdom",56.564621,-2.583090,https://whittonsflooringltd.co.uk/,https://home.tarkett.co.uk/en_GB/store-locator/united-kingdom/scotland/arbroath/29868-whittons-flooring-arbroath?locale=en_GB
29720,/api/store_locators/29720,Carpetfit Wales,1 Enterprise Centre,Aberaman Park Industrial Estate,Aberdare,Wales,CF44 6DA,Wales,United Kingdom,"1 Enterprise Centre, Aberaman Park Industrial Estate, Aberdare, Wales, CF44 6DA, United Kingdom",51.716154,-3.451816,,https://home.tarkett.co.uk/en_GB/store-locator/united-kingdom/wales/aberdare/29720-carpetfit-wales?locale=en_GB
29899,/api/store_locators/29899,Castle Carpets Wrexham,Bryn Business Centre,,Wrexham,Wales,LL13 9UT,Wales,United Kingdom,"Bryn Business Centre, Wrexham, Wales, LL13 9UT, United Kingdom",53.051350,-2.914140,,https://home.tarkett.co.uk/en_GB/store-locator/united-kingdom/wales/wrexham/29899-castle-carpets-wrexham?locale=en_GB
29693,/api/store_locators/29693,Floor Store U.K,Unit 2 Mannesman Close,Swansea Enterprise Park,Swansea,Wales,SA7 9AH,Wales,United Kingdom,"Unit 2 Mannesman Close, Swansea Enterprise Park, Swansea, Wales, SA7 9AH, United Kingdom",51.6590894,-3.9037483,www.thefloorstoreuk.com,https://home.tarkett.co.uk/en_GB/store-locator/united-kingdom/wales/swansea/29693-floor-store-u-k?locale=en_GB
29885,/api/store_locators/29885,Floors on Floors Penarth,10 Cornerswell Rd,,Penarth,Wales,CF64 2UZ,Wales,United Kingdom,"10 Cornerswell Rd, Penarth, Wales, CF64 2UZ, United Kingdom",51.436588,-3.184100,,https://home.tarkett.co.uk/en_GB/store-locator/united-kingdom/wales/penarth/29885-floors-on-floors-penarth?locale=en_GB
30082,/api/store_locators/30082,Hughes Flooring,JR house Unit 1 Main Avenue,Treforest Ind Est.,Pontypridd,Wales,CF37 5UR,Wales,United Kingdom,"JR house Unit 1 Main Avenue, Treforest Ind Est., Pontypridd, Wales, CF37 5UR, United Kingdom",51.562729,-3.278780,,https://home.tarkett.co.uk/en_GB/store-locator/united-kingdom/wales/pontypridd/30082-hughes-flooring?locale=en_GB
29880,/api/store_locators/29880,Our Own Designs,"Unit 21K, Vale Business Park",Cowbridge,Cowbridge,Wales,CF71 7PF,Wales,United Kingdom,"Unit 21K, Vale Business Park, Cowbridge, Cowbridge, Wales, CF71 7PF, United Kingdom",51.43998,-3.49809,,https://home.tarkett.co.uk/en_GB/store-locator/united-kingdom/wales/cowbridge/29880-our-own-designs?locale=en_GB
30474,/api/store_locators/30474,Signature Floors Pembroke,Unit 16,Kingswood Trading Estate,Pembroke Dock,Wales,SA72 4RS,Wales,United Kingdom,"Unit 16, Kingswood Trading Estate, Pembroke Dock, Wales, SA72 4RS, United Kingdom",51.693432,-4.925600,https://www.signaturefloorspembroke.co.uk/,https://home.tarkett.co.uk/en_GB/store-locator/united-kingdom/wales/pembroke-dock/30474-signature-floors-pembroke?locale=en_GB
